1002,Aaron
1004,Abbott
1006,Abel
1007,Abell
1008,Abernathy
1009,Abney
1010,Abraham
1012,Abrams
1016,Abreu
1017,Acevedo
1019,Acker
1020,Ackerman
1023,Acosta
1024,Acuna
1026,Adair
1028,Adam
1029,Adame
1032,Adams
1033,Adamson
1035,Adcock
1036,Addison
1037,Adkins
1038,Adler
1041,Agee
1043,Agnew
1045,Aguiar
1046,Aguilar
1047,Aguilera
1048,Aguirre
1049,Ahern
1051,Ahmed
1052,Ahrens
1053,Aiello
1055,Aiken
1056,Ainsworth
1057,Akers
1059,Akin
1060,Akins
1061,Alaniz
1062,Alarcon
1063,Alba
1064,Albers
1065,Albert
1067,Albertson
1068,Albrecht
1069,Albright
1071,Alcala
1072,Alcorn
1076,Alderman
1079,Aldrich
1083,Aldridge
1085,Aleman
1086,Alexander
1087,Alfaro
1089,Alford
1092,Alger
1093,Ali
1095,Alicea
1098,Allan
1099,Allard
1100,Allen
1101,Alley
1104,Allison
1105,Allman
1107,Allred
1109,Almanza
1110,Almeida
1112,Almond
1114,Alonso
1116,Alonzo
1117,Alston
1119,Altman
1120,Alvarado
1123,Alvarez
1124,Alves
1125,Amador
1126,Amaral
1128,Amato
1129,Amaya
1132,Ambrose
1133,Ames
1135,Ammons
1136,Amos
1137,Anaya
1138,Anders
1139,Andersen
1142,Anderson
1143,Andrade
1152,Andre
1153,Andres
1156,Andrew
1160,Andrews
1163,Andrus
1164,Angel
1165,Anglin
1166,Angulo
1167,Anthony
1169,Antoine
1170,Antonio
1171,Apodaca
1172,Aponte
1175,Applegate
1176,Aquino
1178,Aragon
1181,Aranda
1184,Arce
1187,Archer
1188,Archibald
1190,Archie
1192,Archuleta
1193,Arellano
1194,Arevalo
1196,Arias
1197,Armenta
1198,Armijo
1199,Armstead
1200,Armstrong
1204,Arndt
1207,Arnett
1208,Arnold
1209,Arredondo
1210,Arreola
1211,Arriaga
1212,Arrington
1216,Arroyo
1217,Arsenault
1221,Arteaga
1222,Arthur
1223,Artis
1224,Asbury
1225,Ash
1226,Ashby
1227,Ashcraft
1230,Ashe
1232,Asher
1234,Ashford
1236,Ashley
1241,Ashmore
1245,Ashton
1247,Ashworth
1251,Askew
1258,Atchison
1259,Atherton
1265,Atkins
1266,Atkinson
1267,Atwell
1268,Atwood
1269,August
1270,Augustine
1271,Ault
1274,Austin
1276,Autry
1280,Avalos
1281,Avery
1285,Avila
1286,Aviles
1288,Ayala
1289,Ayers
1291,Ayres
1292,Babb
1293,Babcock
1295,Babin
1296,Baca
1297,Bach
1298,Bachman
1299,Back
1300,Bacon
1301,Bader
1303,Badger
1306,Baer
1308,Baez
1309,Baggett
1310,Bagley
1312,Bagwell
1314,Bailey
1315,Bain
1319,Baines
1320,Bair
1321,Baird
1323,Baker
1324,Balderas
1325,Baldwin
1326,Bales
1327,Ball
1329,Ballard
1330,Banda
1334,Bandy
1338,Banks
1341,Bankston
1342,Bannister
1343,Banuelos
1348,Baptiste
1352,Barajas
1353,Barba
1355,Barbee
1356,Barber
1357,Barbosa
1358,Barbour
1359,Barclay
1360,Barden
1362,Barela
1363,Barfield
1364,Barger
1367,Barham
1368,Barker
1369,Barkley
1371,Barksdale
1373,Barlow
1375,Barnard
1376,Barnes
1379,Barnett
1380,Barnette
1381,Barney
1382,Barnhart
1384,Barnhill
1386,Baron
1387,Barone
1389,Barr
1391,Barraza
1392,Barrera
1393,Barrett
1394,Barrios
1395,Barron
1397,Barrow
1398,Barrows
1399,Barry
1401,Bartels
1403,Barth
1404,Bartholomew
1405,Bartlett
1406,Bartley
1408,Barton
1410,Basham
1411,Bass
1413,Bassett
1416,Batchelor
1419,Bateman
1420,Bates
1421,Batista
1423,Batiste
1424,Batson
1429,Battaglia
1430,Batten
1431,Battle
1435,Battles
1436,Batts
1438,Bauer
1441,Baugh
1442,Baughman
1446,Baum
1450,Bauman
1453,Baumann
1454,Baumgartner
1455,Bautista
1456,Baxley
1461,Baxter
1464,Bayer
1465,Baylor
1467,Bayne
1470,Beach
1473,Beal
1476,Beale
1479,Beall
1480,Beals
1482,Beam
1485,Bean
1487,Beane
1489,Beard
1494,Bearden
1497,Beasley
1498,Beattie
1502,Beatty
1503,Beaty
1505,Beauchamp
1506,Beaudoin
1510,Beaulieu
1511,Beauregard
1513,Beaver
1515,Beavers
1516,Becerra
1519,Beck
1523,Becker
1524,Beckett
1527,Beckham
1528,Beckman
1529,Beckwith
1530,Becnel
1531,Bedard
1532,Bedford
1533,Beebe
1534,Beeler
1535,Beers
1536,Begay
1539,Begley
1540,Behrens
1542,Belanger
1543,Belcher
1546,Bell
1547,Bellamy
1548,Bello
1550,Belt
1551,Belton
1554,Beltran
1555,Benavides
1559,Benavidez
1561,Bender
1562,Benedict
1563,Benefield
1565,Benitez
1566,Benjamin
1567,Benner
1568,Bennett
1569,Benoit
1570,Benson
1572,Bentley
1574,Benton
1577,Berg
1579,Berger
1580,Bergeron
1582,Bergman
1583,Bergstrom
1586,Berlin
1589,Berman
1591,Bermudez
1595,Bernal
1596,Bernard
1598,Bernier
1603,Bernstein
1604,Berrios
1606,Berry
1607,Berryman
1610,Bertram
1614,Bertrand
1615,Berube
1616,Bess
1617,Best
1619,Betancourt
1620,Bethea
1621,Bethel
1623,Betts
1625,Betz
1627,Beverly
1628,Beyer
1630,Bible
1637,Bickford
1638,Biddle
1642,Bigelow
1643,Biggs
1644,Billings
1645,Billingsley
1648,Billiot
1649,Bills
1650,Billups
1651,Binder
1656,Bingham
1657,Binkley
1658,Birch
1660,Bird
1661,Bishop
1663,Bisson
1664,Bittner
1665,Bivens
1666,Bivins
1667,Black
1670,Blackburn
1671,Blackman
1672,Blackmon
1673,Blackwell
1674,Blackwood
1675,Blaine
1677,Blair
1680,Blais
1683,Blake
1685,Blakely
1687,Blalock
1693,Blanchard
1695,Blanchette
1696,Blanco
1697,Bland
1699,Blank
1700,Blankenship
1701,Blanton
1704,Blaylock
1705,Bledsoe
1707,Blevins
1708,Bliss
1709,Block
1712,Blocker
1715,Blodgett
1716,Bloom
1718,Blount
1720,Blue
1721,Blum
1724,Blunt
1725,Blythe
1726,Boatwright
1728,Bobbitt
1729,Bobo
1730,Bock
1732,Boehm
1737,Bogan
1740,Boggs
1741,Bohannon
1742,Bohn
1744,Boisvert
1746,Boland
1748,Bolden
1750,Bolduc
1752,Bolen
1753,Boles
1756,Bolin
1757,Boling
1759,Bolling
1760,Bollinger
1761,Bolt
1762,Bolton
1764,Bond
1765,Bonds
1766,Bone
1767,Bonilla
1768,Bonner
1769,Booker
1770,Boone
1772,Booth
1773,Boothe
1775,Bordelon
1776,Borden
1778,Borders
1779,Boren
1780,Borges
1782,Borrego
1783,Boss
1784,Bostic
1785,Bostick
1786,Boston
1787,Boswell
1789,Bottoms
1790,Bouchard
1791,Boucher
1792,Boudreau
1793,Boudreaux
1795,Bounds
1797,Bourgeois
1798,Bourne
1801,Bourque
1802,Bowden
1804,Bowen
1805,Bowens
1807,Bower
1808,Bowers
1815,Bowie
1816,Bowles
1817,Bowlin
1818,Bowling
1819,Bowman
1820,Bowser
1824,Box
1825,Boyce
1826,Boyd
1827,Boyer
1828,Boykin
1830,Boyle
1831,Boyles
1833,Boynton
1834,Bozeman
1836,Brackett
1839,Bradbury
1840,Braden
1841,Bradford
1842,Bradley
1843,Bradshaw
1847,Brady
1850,Bragg
1851,Branch
1852,Brand
1854,Brandenburg
1855,Brandon
1856,Brandt
1857,Branham
1858,Brannon
1860,Branson
1861,Brant
1863,Brantley
1866,Braswell
1867,Bratcher
1869,Bratton
1871,Braun
1872,Bravo
1873,Braxton
1875,Bray
1876,Breaux
1877,Breeden
1878,Breedlove
1879,Breen
1880,Brennan
1885,Brenner
1887,Brent
1888,Brewer
1889,Brewster
1891,Brice
1892,Bridges
1893,Briggs
1894,Bright
1895,Brill
1896,Brink
1898,Brinkley
1899,Brinkman
1900,Brinson
1903,Briones
1904,Briscoe
1907,Briseno
1908,Brito
1909,Britt
1911,Brittain
1913,Britton
1914,Broadway
1917,Brock
1918,Brockman
1919,Broderick
1920,Brogan
1922,Bronson
1923,Brooks
1924,Broome
1925,Brothers
1927,Broughton
1929,Broussard
1932,Browder
1936,Brower
1937,Brown
1939,Browne
1942,Browning
1945,Brownlee
1946,Broyles
1947,Brubaker
1950,Bruce
1953,Brumfield
1955,Bruner
1960,Brunner
1963,Bruno
1964,Bruns
1965,Brunson
1968,Bruton
1970,Bryan
1973,Bryant
1974,Bryson
1975,Buchanan
1979,Buck
1984,Buckingham
1985,Buckley
1986,Buckner
1987,Bueno
1988,Buffington
1989,Buford
1994,Bui
1997,Bull
1998,Bullard
1999,Bullock
2000,Bumgarner
2001,Bunch
2003,Bundy
2006,Bunker
2007,Bunn
2009,Bunnell
2010,Bunting
2011,Burch
2014,Burchett
2015,Burchfield
2016,Burden
2017,Burdette
2021,Burdick
2024,Burge
2028,Burger
2029,Burgess
2030,Burgos
2031,Burk
2032,Burke
2035,Burkett
2036,Burkhart
2038,Burkholder
2039,Burks
2040,Burleson
2042,Burley
2043,Burnett
2045,Burnette
2047,Burney
2049,Burnham
2050,Burns
2051,Burnside
2056,Burr
2057,Burrell
2058,Burris
2059,Burroughs
2061,Burrow
2062,Burrows
2063,Burt
2065,Burton
2066,Busby
2067,Busch
2071,Bush
2072,Buss
2079,Bussey
2081,Bustamante
2084,Bustos
2087,Butcher
2088,Butler
2089,Butterfield
2092,Button
2093,Butts
2095,Byars
2097,Byers
2100,Bynum
2101,Byrd
2102,Byrne
2103,Byrnes
2104,Caballero
2105,Cable
2106,Cabral
2108,Cabrera
2110,Cade
2113,Cady
2114,Cagle
2116,Cahill
2121,Cain
2122,Calabrese
2124,Calderon
2127,Caldwell
2129,Calhoun
2132,Calkins
2133,Call
2134,Callahan
2135,Callaway
2136,Callender
2138,Calloway
2140,Calvert
2141,Calvin
2143,Camacho
2144,Camarillo
2145,Cambell
2146,Cameron
2147,Camp
2148,Campbell
2151,Campos
2153,Canada
2154,Canady
2155,Canales
2158,Candelaria
2160,Canfield
2161,Cannon
2162,Cano
2165,Cantrell
2166,Cantu
2167,Cantwell
2169,Canty
2173,Capps
2174,Caraballo
2175,Carbajal
2177,Carbone
2178,Card
2179,Carden
2182,Cardenas
2184,Carder
2188,Cardona
2189,Cardoza
2190,Cardwell
2194,Carey
2196,Carl
2198,Carlin
2199,Carlisle
2201,Carlos
2202,Carlson
2203,Carlton
2205,Carman
2208,Carmichael
2210,Carmona
2211,Carnahan
2212,Carnes
2214,Carney
2215,Caro
2216,Caron
2219,Carpenter
2221,Carr
2222,Carranza
2223,Carrasco
2225,Carrier
2226,Carrillo
2227,Carrington
2228,Carrion
2229,Carroll
2231,Carson
2232,Carswell
2233,Carter
2236,Cartwright
2240,Caruso
2241,Carvalho
2242,Carver
2245,Cary
2246,Casas
2248,Case
2249,Casey
2252,Cash
2253,Casillas
2254,Caskey
2259,Cason
2265,Casper
2268,Cass
2269,Cassidy
2272,Castaneda
2273,Casteel
2275,Castellano
2277,Castellanos
2279,Castillo
2280,Castle
2282,Castleberry
2283,Castro
2284,Caswell
2286,Catalano
2287,Cates
2289,Cathey
2292,Cato
2297,Catron
2298,Caudill
2301,Caudle
2303,Causey
2306,Cavanaugh
2307,Cavazos
2308,Cave
2309,Cecil
2310,Centeno
2316,Cerda
2317,Cervantes
2319,Chacon
2320,Chadwick
2323,Chaffin
2326,Chalmers
2327,Chamberlain
2330,Chamberlin
2331,Chambers
2332,Champagne
2334,Champion
2335,Chan
2336,Chance
2337,Chandler
2339,Chaney
2341,Chang
2344,Chapa
2345,Chapin
2347,Chapman
2348,Chappell
2354,Charles
2355,Charlton
2356,Chase
2357,Chastain
2359,Chatman
2362,Chau
2363,Chavarria
2366,Chavez
2367,Chavis
2368,Cheatham
2371,Cheek
2372,Chen
2373,Cheney
2375,Cheng
2377,Cherry
2378,Chesser
2379,Chester
2380,Chestnut
2383,Cheung
2384,Childers
2385,Childress
2386,Childs
2387,Chilton
2388,Chin
2392,Chisholm
2393,Chism
2396,Chisolm
2397,Cho
2401,Choate
2402,Choi
2404,Chong
2406,Chow
2407,Christensen
2408,Christenson
2409,Christian
2411,Christiansen
2413,Christianson
2414,Christie
2415,Christman
2416,Christopher
2420,Christy
2424,Chu
2425,Chun
2429,Chung
2430,Church
2432,Churchill
2435,Cintron
2437,Cisneros
2439,Clancy
2442,Clanton
2443,Clapp
2450,Clark
2451,Clarke
2453,Clarkson
2456,Clary
2461,Clawson
2462,Clay
2463,Clayton
2464,Cleary
2465,Clegg
2467,Clem
2468,Clemens
2469,Clement
2470,Clements
2472,Clemmons
2474,Clemons
2480,Cleveland
2482,Clevenger
2484,Click
2486,Clifford
2488,Clifton
2489,Cline
2490,Clinton
2491,Close
2492,Cloud
2493,Clough
2495,Cloutier
2496,Coates
2497,Coats
2498,Cobb
2500,Cobbs
2502,Coble
2503,Coburn
2505,Cochran
2508,Cochrane
2509,Cockrell
2510,Cody
2512,Coe
2513,Coffey
2514,Coffin
2515,Coffman
2516,Cohen
2518,Cohn
2520,Coker
2521,Colbert
2524,Colburn
2525,Colby
2526,Cole
2527,Coleman
2529,Coles
2530,Coley
2531,Collado
2534,Collazo
2537,Colley
2538,Collier
2542,Collins
2544,Colon
2547,Colson
2549,Colvin
2550,Colwell
2552,Combs
2554,Comer
2557,Compton
2558,Comstock
2559,Conaway
2560,Concepcion
2561,Condon
2564,Cone
2565,Conger
2566,Conklin
2568,Conley
2571,Conn
2573,Connell
2574,Connelly
2575,Conner
2577,Conners
2578,Connolly
2579,Connor
2581,Connors
2585,Conover
2586,Conrad
2587,Conroy
2589,Conti
2591,Contreras
2593,Conway
2596,Conyers
2598,Cook
2604,Cooke
2605,Cooks
2606,Cooley
2607,Coombs
2608,Coon
2609,Cooney
2613,Coons
2615,Cooper
2616,Cope
2618,Copeland
2619,Copley
2623,Coppola
2624,Corbett
2625,Corbin
2627,Corbitt
2631,Corcoran
2632,Cordell
2633,Cordero
2635,Cordova
2636,Corey
2637,Corley
2638,Cormier
2639,Cornelius
2640,Cornell
2642,Cornett
2644,Cornish
2646,Cornwell
2647,Corona
2649,Coronado
2650,Corral
2651,Correa
2653,Correia
2654,Corrigan
2655,Cortes
2657,Cortez
2658,Cosby
2660,Cosgrove
2661,Costa
2662,Costello
2664,Cota
2667,Cote
2668,Cotter
2669,Cotton
2671,Cottrell
2672,Couch
2673,Coughlin
2674,Coulter
2675,Council
2677,Counts
2678,Courtney
2679,Cousins
2680,Couture
2687,Covert
2688,Covey
2690,Covington
2691,Cowan
2692,Coward
2694,Cowart
2695,Cowles
2697,Cowley
2699,Cox
2701,Coy
2703,Coyle
2704,Coyne
2705,Crabtree
2710,Craddock
2712,Craft
2713,Craig
2716,Crain
2718,Cramer
2721,Crandall
2722,Crane
2723,Cranford
2726,Craven
2727,Crawford
2728,Crawley
2729,Crayton
2730,Creamer
2733,Creech
2735,Creel
2736,Creighton
2738,Crenshaw
2739,Crespo
2740,Crews
2741,Crider
2742,Crisp
2743,Crist
2744,Criswell
2745,Crittenden
2746,Crocker
2747,Crockett
2750,Croft
2751,Cromer
2754,Cromwell
2756,Cronin
2758,Crook
2759,Crooks
2760,Crosby
2761,Cross
2763,Croteau
2765,Crouch
2768,Crouse
2769,Crow
2770,Crowder
2771,Crowe
2773,Crowell
2774,Crowley
2777,Crum
2778,Crump
2780,Cruse
2781,Crutcher
2784,Crutchfield
2785,Cruz
2788,Cuellar
2792,Cuevas
2793,Culbertson
2796,Cullen
2802,Culp
2803,Culpepper
2804,Culver
2805,Cummings
2806,Cummins
2809,Cunningham
2810,Cupp
2811,Curley
2813,Curran
2816,Currie
2817,Currier
2818,Curry
2820,Curtin
2821,Curtis
2823,Cushman
2824,Custer
2827,Cutler
2829,Cyr
2831,Dabney
2834,Dahl
2835,Daigle
2836,Dailey
2838,Daily
2841,Dale
2842,Daley
2846,Dallas
2851,Dalton
2852,Daly
2854,Damico
2855,Damon
2856,Damron
2857,Dancy
2859,Dang
2860,Dangelo
2862,Daniel
2865,Daniels
2866,Danielson
2867,Danner
2869,Darby
2870,Darden
2872,Darling
2873,Darnell
2875,Dasilva
2876,Daugherty
2879,Davenport
2880,David
2881,Davidson
2882,Davies
2883,Davila
2885,Davis
2887,Davison
2888,Dawkins
2889,Dawson
2892,Day
2893,Dayton
2894,Deal
2895,Dean
2897,Deaton
2898,Decker
2899,Dees
2901,Dehart
2902,Dejesus
2904,Delacruz
2905,Delagarza
2908,Delaney
2909,Delarosa
2910,Delatorre
2911,Deleon
2912,Delgadillo
2914,Delgado
2915,Dell
2918,Dellinger
2919,Deloach
2921,Delong
2923,Delossantos
2928,Deluca
2929,Delvalle
2930,Demarco
2932,Demers
2935,Dempsey
2936,Denham
2937,Denney
2938,Denning
2940,Dennis
2942,Dennison
2944,Denny
2950,Denson
2952,Dent
2954,Denton
2955,Derr
2956,Derrick
2957,Desantis
2958,Desimone
2959,Devine
2962,Devito
2963,Devlin
2965,Devore
2969,Devries
2971,Dew
2972,Dewey
2975,Dewitt
2976,Dexter
2980,Dial
2982,Diamond
2983,Dias
2985,Diaz
2986,Dick
2987,Dickens
2990,Dickerson
2991,Dickey
2992,Dickinson
2993,Dickson
2994,Diehl
2997,Dietrich
2998,Dietz
2999,Diggs
3001,Dill
3002,Dillard
3004,Dillon
3006,Dion
3008,Dix
3010,Dixon
3011,Do
3012,Doan
3013,Dobbins
3014,Dobbs
3017,Dobson
3019,Dockery
3021,Dodd
3022,Dodge
3023,Dodson
3024,Doe
3025,Doherty
3026,Dolan
3028,Doll
3029,Dollar
3030,Domingo
3033,Dominguez
3036,Donahue
3037,Donald
3038,Donaldson
3039,Donnell
3040,Donnelly
3041,Donohue
3042,Donovan
3043,Dooley
3044,Doran
3046,Dorman
3049,Dorn
3051,Dorris
3052,Dorsey
3053,Dortch
3054,Doss
3056,Dotson
3057,Doty
3059,Dougherty
3061,Doughty
3063,Douglas
3064,Douglass
3066,Dove
3069,Dover
3072,Dow
3073,Dowd
3075,Dowdy
3076,Dowell
3077,Dowling
3078,Downey
3081,Downing
3082,Downs
3085,Doyle
3088,Dozier
3089,Drake
3092,Draper
3094,Drayton
3095,Drew
3098,Driscoll
3099,Driver
3101,Drummond
3102,Drury
3104,Duarte
3106,Dube
3108,Dubois
3109,Dubose
3111,Duckett
3112,Duckworth
3113,Dudley
3116,Duff
3118,Duffy
3119,Dugan
3120,Dugas
3121,Duggan
3125,Dugger
3128,Duke
3129,Dukes
3131,Dumas
3132,Dunaway
3134,Dunbar
3137,Duncan
3138,Dunham
3140,Dunlap
3141,Dunn
3142,Dunne
3144,Dunning
3145,Duong
3146,Dupont
3148,Dupre
3149,Dupree
3151,Dupuis
3154,Duran
3157,Durand
3159,Durant
3163,Durbin
3164,Durden
3166,Durham
3169,Durr
3171,Dutton
3172,Duval
3173,Duvall
3175,Dwyer
3177,Dye
3178,Dyer
3179,Dykes
3182,Dyson
3183,Eagle
3185,Earl
3186,Earle
3187,Earley
3190,Earls
3193,Early
3194,Easley
3195,Eason
3196,East
3197,Easter
3199,Easterling
3204,Eastman
3207,Easton
3209,Eaton
3212,Eaves
3213,Ebert
3214,Echevarria
3215,Echols
3216,Eckert
3217,Eddy
3219,Edgar
3221,Edge
3222,Edmond
3223,Edmonds
3224,Edmondson
3225,Edward
3228,Edwards
3229,Egan
3231,Eggleston
3234,Elam
3236,Elder
3237,Eldridge
3238,Elias
3239,Elizondo
3240,Elkins
3242,Eller
3243,Ellington
3245,Elliot
3246,Elliott
3247,Ellis
3248,Ellison
3250,Ellsworth
3251,Elmore
3253,Elrod
3254,Elston
3255,Ely
3256,Emanuel
3261,Embry
3262,Emerson
3264,Emery
3266,Emmons
3267,Eng
3269,Engel
3273,England
3274,Engle
3275,English
3276,Ennis
3277,Enos
3278,Enriquez
3280,Epperson
3283,Epps
3284,Epstein
3285,Erickson
3287,Ernst
3292,Ervin
3293,Erwin
3295,Escalante
3298,Escamilla
3299,Escobar
3300,Escobedo
3302,Esparza
3303,Espinal
3304,Espino
3305,Espinosa
3306,Espinoza
3307,Esposito
3310,Esquivel
3311,Estep
3314,Estes
3316,Estrada
3317,Estrella
3321,Etheridge
3325,Eubanks
3326,Evans
3327,Everett
3331,Everhart
3332,Evers
3335,Ewing
3336,Ezell
3339,Faber
3341,Fagan
3343,Fahey
3344,Fain
3345,Fair
3346,Fairbanks
3347,Fairchild
3348,Fairley
3349,Faison
3351,Fajardo
3352,Falcon
3353,Falk
3355,Fallon
3358,Falls
3359,Fanning
3360,Farias
3361,Farley
3362,Farmer
3363,Farnsworth
3364,Farr
3366,Farrar
3369,Farrell
3371,Farrington
3373,Farris
3374,Farrow
3376,Faulk
3378,Faulkner
3379,Faust
3382,Fay
3383,Feeney
3384,Felder
3385,Feldman
3386,Feliciano
3388,Felix
3392,Fellows
3394,Felton
3395,Fennell
3396,Fenner
3397,Fenton
3398,Ferguson
3399,Fernandes
3401,Fernandez
3402,Ferrara
3403,Ferrari
3404,Ferraro
3405,Ferreira
3408,Ferrell
3409,Ferrer
3410,Ferris
3411,Ferry
3412,Field
3413,Fielder
3414,Fields
3415,Fierro
3416,Fife
3417,Figueroa
3418,Finch
3419,Fincher
3424,Findley
3425,Fine
3426,Fink
3427,Finley
3429,Finn
3430,Finnegan
3431,Finney
3432,Fiore
3435,Fischer
3437,Fish
3441,Fisher
3442,Fishman
3451,Fisk
3453,Fitch
3454,Fite
3459,Fitts
3460,Fitzgerald
3462,Fitzpatrick
3464,Fitzsimmons
3466,Flagg
3467,Flaherty
3472,Flanagan
3473,Flanders
3474,Flannery
3475,Fleck
3481,Fleming
3484,Flemming
3486,Fletcher
3487,Flint
3488,Flood
3491,Florence
3495,Flores
3497,Florez
3498,Flowers
3500,Floyd
3501,Flynn
3502,Fogle
3503,Foley
3507,Folse
3509,Folsom
3513,Fong
3514,Fonseca
3515,Fontaine
3518,Fontenot
3523,Foote
3524,Forbes
3525,Ford
3528,Foreman
3531,Foret
3532,Forman
3533,Forney
3535,Forrest
3536,Forrester
3537,Forsyth
3547,Forsythe
3549,Fort
3550,Forte
3551,Fortenberry
3552,Fortier
3553,Fortin
3555,Fortner
3556,Fortune
3559,Foss
3562,Foster
3564,Fountain
3565,Fournier
3567,Foust
3569,Fowler
3571,Fox
3573,Foy
3575,Fraley
3576,Frame
3579,France
3580,Francis
3581,Francisco
3583,Franco
3584,Francois
3586,Frank
3591,Franklin
3595,Franks
3596,Frantz
3598,Franz
3601,Fraser
3604,Frasier
3606,Frazer
3607,Frazier
3611,Frederick
3612,Fredericks
3614,Fredrickson
3615,Free
3618,Freed
3620,Freedman
3622,Freeman
3624,Freitas
3625,French
3628,Freund
3629,Frey
3631,Frias
3632,Frick
3633,Friedman
3640,Friend
3641,Frierson
3643,Fries
3645,Fritz
3646,Frizzell
3647,Frost
3648,Fry
3649,Frye
3652,Fryer
3653,Fuchs
3654,Fuentes
3656,Fugate
3658,Fulcher
3660,Fuller
3661,Fullerton
3662,Fulmer
3663,Fulton
3665,Fultz
3668,Funderburk
3670,Funk
3671,Fuqua
3675,Furman
3676,Furr
3679,Fusco
3680,Gable
3681,Gabriel
3683,Gaddis
3684,Gaddy
3688,Gaffney
3692,Gage
3693,Gagne
3694,Gagnon
3697,Gaines
3698,Gainey
3704,Gaither
3705,Galarza
3706,Galbraith
3708,Gale
3714,Galindo
3715,Gallagher
3716,Gallant
3717,Gallardo
3718,Gallegos
3719,Gallo
3720,Galloway
3721,Galvan
3725,Galvez
3726,Galvin
3727,Gamble
3728,Gamboa
3729,Gamez
3730,Gandy
3731,Gann
3732,Gannon
3733,Gant
3734,Gantt
3736,Garber
3738,Garcia
3739,Gardiner
3740,Gardner
3743,Garland
3744,Garmon
3745,Garner
3746,Garnett
3748,Garrett
3752,Garris
3755,Garrison
3756,Garvey
3757,Garvin
3760,Gary
3761,Garza
3762,Gaskin
3764,Gaskins
3766,Gass
3767,Gaston
3771,Gates
3772,Gatewood
3774,Gatlin
3776,Gauthier
3777,Gavin
3778,Gay
3779,Gaylord
3781,Geary
3788,Gee
3789,Geer
3790,Geiger
3791,Gentile
3792,Gentry
3793,George
3795,Gerald
3796,Gerard
3798,Gerber
3800,German
3802,Getz
3803,Gibbons
3805,Gibbs
3809,Gibson
3810,Gifford
3812,Gil
3813,Gilbert
3816,Gilchrist
3817,Giles
3818,Gill
3820,Gillen
3821,Gillespie
3822,Gillette
3824,Gilley
3826,Gilliam
3827,Gilliland
3828,Gillis
3829,Gilman
3830,Gilmore
3831,Gilson
3832,Ginn
3833,Giordano
3837,Gipson
3838,Girard
3841,Giron
3845,Giroux
3846,Gist
3847,Givens
3849,Gladden
3852,Gladney
3853,Glaser
3855,Glass
3856,Gleason
3857,Glenn
3858,Glover
3859,Glynn
3860,Goad
3861,Goble
3862,Goddard
3864,Godfrey
3865,Godwin
3866,Goebel
3868,Goetz
3869,Goff
3874,Goforth
3876,Goins
3877,Gold
3878,Goldberg
3883,Golden
3884,Goldman
3885,Goldsmith
3886,Goldstein
3887,Gomes
3888,Gomez
3890,Gonsalves
3892,Gonzales
3893,Gonzalez
3894,Gooch
3895,Good
3896,Goode
3899,Gooden
3901,Goodman
3905,Goodrich
3906,Goodson
3907,Goodwin
3908,Gordon
3909,Gore
3910,Gorham
3915,Gorman
3919,Goss
3921,Gossett
3922,Gough
3924,Gould
3928,Goulet
3929,Grace
3930,Gracia
3931,Grady
3932,Graf
3933,Graff
3935,Graham
3936,Granados
3937,Granger
3939,Grant
3940,Grantham
3945,Graves
3947,Gray
3949,Grayson
3953,Greathouse
3954,Greco
3955,Green
3956,Greenberg
3959,Greene
3960,Greenfield
3961,Greenlee
3963,Greenwood
3965,Greer
3969,Gregg
3971,Gregory
3972,Greiner
3973,Grenier
3975,Gresham
3976,Grey
3978,Grice
3980,Grier
3982,Griffin
3984,Griffis
3986,Griffith
3987,Griffiths
3988,Griggs
3989,Grigsby
3994,Grimes
3995,Grimm
3996,Grisham
3997,Grissom
4000,Griswold
4001,Groce
4004,Grogan
4006,Grooms
4008,Gross
4009,Grossman
4010,Grove
4011,Grover
4012,Groves
4013,Grubb
4022,Grubbs
4023,Gruber
4026,Guajardo
4027,Guenther
4028,Guerin
4029,Guerra
4031,Guerrero
4032,Guess
4033,Guest
4034,Guevara
4036,Guffey
4041,Guidry
4042,Guillen
4044,Guillory
4045,Guinn
4048,Gulley
4049,Gunderson
4050,Gunn
4051,Gunter
4052,Gunther
4055,Gurley
4056,Gustafson
4059,Guthrie
4060,Gutierrez
4063,Guy
4064,Guyton
4065,Guzman
4066,Ha
4068,Haag
4069,Haas
4071,Hacker
4072,Hackett
4073,Hackney
4074,Hadden
4075,Hadley
4078,Hagan
4079,Hagen
4080,Hager
4082,Haggard
4083,Haggerty
4086,Hahn
4089,Haight
4091,Hailey
4092,Haines
4095,Hairston
4096,Halcomb
4099,Hale
4101,Hales
4104,Haley
4105,Hall
4109,Haller
4112,Hallman
4113,Halsey
4114,Halstead
4115,Halverson
4116,Ham
4117,Hamblin
4118,Hamby
4119,Hamel
4121,Hamer
4122,Hamilton
4124,Hamlin
4125,Hamm
4126,Hammer
4127,Hammett
4129,Hammond
4132,Hammonds
4133,Hammons
4134,Hampton
4135,Hamrick
4139,Han
4142,Hancock
4144,Hand
4145,Handley
4146,Handy
4147,Hanes
4156,Haney
4160,Hankins
4162,Hanks
4163,Hanley
4169,Hanlon
4171,Hanna
4173,Hannah
4174,Hannon
4175,Hansen
4176,Hanson
4177,Harbin
4179,Harden
4180,Harder
4182,Hardesty
4185,Hardin
4187,Harding
4191,Hardison
4192,Hardman
4195,Hardwick
4198,Hardy
4200,Hare
4201,Hargis
4202,Hargrove
4207,Harkins
4208,Harlan
4209,Harley
4217,Harlow
4219,Harman
4220,Harmon
4221,Harms
4223,Harness
4225,Harp
4228,Harper
4232,Harrell
4233,Harrington
4234,Harris
4237,Harrison
4241,Harry
4242,Hart
4244,Harter
4245,Hartley
4247,Hartman
4253,Hartmann
4255,Hartwell
4256,Harvey
4257,Harwell
4259,Harwood
4260,Haskell
4262,Haskins
4264,Hass
4265,Hassell
4266,Hastings
4267,Hatch
4268,Hatcher
4269,Hatchett
4272,Hatfield
4273,Hathaway
4274,Hatley
4276,Hatton
4277,Haugen
4278,Hauser
4285,Havens
4286,Hawes
4288,Hawk
4289,Hawkins
4290,Hawks
4292,Hawley
4293,Hawthorne
4294,Hay
4295,Hayden
4296,Hayes
4299,Haynes
4300,Hays
4301,Hayward
4304,Haywood
4306,Hazel
4308,Head
4309,Headley
4310,Headrick
4311,Healey
4312,Healy
4314,Heard
4315,Hearn
4316,Heath
4317,Heaton
4318,Hebert
4319,Heck
4320,Heckman
4321,Hedges
4323,Hedrick
4324,Heffner
4325,Heflin
4328,Hefner
4334,Heim
4335,Hein
4337,Heinz
4339,Held
4340,Heller
4341,Helm
4343,Helms
4344,Helton
4345,Hemphill
4346,Henderson
4347,Hendrick
4351,Hendricks
4355,Hendrickson
4356,Hendrix
4358,Henke
4362,Henley
4365,Hennessey
4366,Henning
4368,Henry
4370,Hensley
4371,Henson
4375,Her
4377,Herbert
4378,Heredia
4379,Herman
4380,Hermann
4383,Hernandez
4384,Herndon
4386,Herr
4387,Herrera
4388,Herrick
4389,Herring
4391,Herrington
4393,Herrmann
4395,Herron
4396,Hershberger
4397,Herzog
4399,Hess
4401,Hester
4402,Hewitt
4403,Hiatt
4404,Hibbard
4405,Hickey
4406,Hickman
4407,Hicks
4410,Hickson
4411,Hidalgo
4412,Higdon
4413,Higginbotham
4416,Higgins
4420,Higgs
4422,High
4423,Hightower
4424,Hildebrand
4425,Hildreth
4427,Hill
4432,Hilliard
4433,Hillman
4434,Hills
4436,Hilton
4437,Himes
4439,Hindman
4440,Hinds
4442,Hines
4443,Hinkle
4450,Hinojosa
4451,Hinson
4452,Hinton
4453,Hirsch
4456,Hitchcock
4457,Hite
4458,Hitt
4461,Ho
4463,Hoang
4466,Hobbs
4469,Hobson
4472,Hodge
4474,Hodges
4476,Hodgson
4477,Hoff
4478,Hoffman
4479,Hoffmann
4482,Hogan
4483,Hogg
4485,Hogue
4487,Holbrook
4488,Holcomb
4489,Holcombe
4490,Holden
4491,Holder
4493,Holguin
4494,Holiday
4495,Holland
4501,Holley
4502,Holliday
4503,Hollingsworth
4504,Hollins
4506,Hollis
4507,Holloman
4509,Holloway
4510,Holly
4511,Holm
4513,Holman
4515,Holmes
4516,Holt
4517,Holton
4519,Homan
4520,Homer
4521,Honeycutt
4522,Hong
4524,Hood
4525,Hook
4526,Hooker
4527,Hooks
4528,Hooper
4531,Hoover
4532,Hope
4533,Hopkins
4534,Hoppe
4535,Hopper
4539,Hopson
4541,Horan
4542,Horn
4543,Horne
4544,Horner
4545,Hornsby
4549,Horowitz
4551,Horsley
4552,Horton
4553,Horvath
4554,Hoskins
4556,Hostetler
4561,Houck
4562,Hough
4563,Houghton
4564,Houle
4565,House
4566,Houser
4569,Houston
4570,Howard
4571,Howe
4572,Howell
4574,Howerton
4575,Howland
4576,Hoy
4578,Hoyle
4580,Hoyt
4582,Hsu
4583,Huang
4584,Hubbard
4585,Huber
4586,Hubert
4588,Huddleston
4589,Hudgens
4591,Hudgins
4592,Hudson
4595,Huerta
4597,Huey
4598,Huff
4599,Huffman
4601,Huggins
4602,Hughes
4603,Hughey
4605,Hull
4606,Hulsey
4607,Humes
4608,Hummel
4609,Humphrey
4611,Humphreys
4612,Humphries
4613,Hundley
4614,Hunt
4616,Hunter
4618,Huntington
4619,Huntley
4620,Hurd
4622,Hurley
4623,Hurst
4625,Hurt
4626,Hurtado
4628,Huskey
4631,Hussey
4632,Huston
4636,Hutchens
4637,Hutcherson
4639,Hutcheson
4640,Hutchings
4641,Hutchins
4643,Hutchinson
4644,Hutchison
4645,Hutson
4647,Hutto
4648,Hutton
4650,Huynh
4651,Hwang
4652,Hyatt
4653,Hyde
4654,Hyland
4655,Hyman
4656,Hynes
4657,Ibarra
4658,Ingle
4660,Ingram
4662,Inman
4665,Irby
4668,Ireland
4670,Irish
4671,Irizarry
4672,Irvin
4673,Irvine
4674,Irving
4676,Irwin
4677,Isaac
4680,Isaacs
4681,Isaacson
4683,Isbell
4684,Isom
4685,Ison
4686,Israel
4687,Iverson
4688,Ives
4689,Ivey
4690,Ivory
4691,Ivy
4692,Jack
4705,Jacks
4709,Jackson
4711,Jacob
4713,Jacobs
4714,Jacobsen
4715,Jacobson
4716,Jacoby
4717,Jacques
4718,Jaeger
4721,James
4722,Jameson
4724,Jamison
4725,Janes
4726,Jansen
4727,Janssen
4728,Jaramillo
4729,Jarrell
4731,Jarrett
4733,Jarvis
4734,Jasper
4735,Jay
4736,Jaynes
4737,Jean
4739,Jefferies
4740,Jeffers
4744,Jefferson
4747,Jeffery
4748,Jeffrey
4749,Jeffries
4750,Jenkins
4752,Jennings
4753,Jensen
4756,Jenson
4757,Jernigan
4760,Jessup
4761,Jeter
4769,Jett
4771,Jewell
4779,Jewett
4780,Jimenez
4781,Jobe
4785,Joe
4787,Johansen
4788,John
4789,Johns
4792,Johnson
4795,Johnston
4797,Joiner
4800,Jolley
4804,Jolly
4809,Jones
4810,Jordan
4811,Jordon
4814,Jorgensen
4816,Jorgenson
4817,Jose
4821,Joseph
4824,Joy
4825,Joyce
4829,Joyner
4831,Juarez
4832,Judd
4833,Jude
4834,Judge
4835,Julian
4836,Jung
4838,Justice
4843,Justus
4844,Kahn
4845,Kaiser
4847,Kaminski
4849,Kane
4852,Kang
4853,Kaplan
4855,Karr
4856,Kasper
4857,Katz
4859,Kauffman
4862,Kaufman
4863,Kay
4864,Kaye
4865,Keane
4866,Kearney
4867,Kearns
4868,Keating
4869,Keaton
4874,Keck
4876,Kee
4877,Keefe
4879,Keefer
4881,Keegan
4882,Keel
4883,Keeler
4884,Keeling
4885,Keen
4889,Keenan
4890,Keene
4892,Keener
4893,Keeney
4896,Keeton
4897,Keith
4898,Kelleher
4901,Keller
4902,Kelley
4903,Kellogg
4908,Kellum
4914,Kelly
4915,Kelsey
4916,Kelso
4921,Kemp
4925,Kemper
4929,Kendall
4930,Kendrick
4932,Kennedy
4934,Kenney
4935,Kenny
4936,Kent
4937,Kenyon
4938,Kern
4942,Kerns
4943,Kerr
4952,Kessler
4953,Ketchum
4954,Key
4955,Keyes
4956,Keys
4957,Khan
4959,Kidd
4962,Kidwell
4965,Kiefer
4966,Kilgore
4969,Killian
4970,Kilpatrick
4971,Kim
4973,Kimball
4977,Kimble
4978,Kimbrell
4979,Kimbrough
4981,Kimmel
4983,Kinard
4984,Kincaid
4985,Kinder
4988,King
4989,Kingsley
4992,Kinney
4993,Kinsey
4997,Kirby
4998,Kirchner
4999,Kirk
5002,Kirkland
5004,Kirkpatrick
5005,Kirkwood
5006,Kiser
5009,Kitchen
5010,Kitchens
5011,Klein
5012,Kline
5013,Klinger
5014,Knapp
5016,Knight
5017,Knoll
5018,Knott
5019,Knowles
5022,Knowlton
5023,Knox
5024,Knudsen
5027,Knudson
5029,Knutson
5031,Koch
5032,Koehler
5033,Koenig
5035,Kohl
5040,Kohler
5042,Kohn
5045,Kolb
5046,Kong
5047,Koonce
5048,Koontz
5050,Kopp
5057,Kovach
5058,Kowalski
5059,Kozlowski
5060,Kraft
5061,Kramer
5063,Kraus
5064,Krause
5071,Krauss
5072,Krebs
5078,Krieger
5080,Kroll
5082,Krueger
5085,Kruger
5086,Kruse
5089,Kuhn
5093,Kunkel
5095,Kuntz
5097,Kunz
5098,Kurtz
5099,Kuykendall
5104,Kyle
5106,Labbe
5110,Lacey
5112,Lachance
5115,Lackey
5117,Lacroix
5118,Lacy
5122,Ladd
5123,Ladner
5124,Lafferty
5125,Laflamme
5126,Lafleur
5127,Lai
5129,Laird
5130,Lake
5131,Lam
5132,Lamar
5136,Lamb
5137,Lambert
5138,Lamm
5139,Lancaster
5140,Lance
5142,Land
5143,Landers
5144,Landis
5146,Landrum
5147,Landry
5150,Lane
5152,Laney
5154,Lang
5155,Langdon
5157,Lange
5158,Langford
5159,Langley
5164,Langlois
5165,Langston
5166,Lanham
5167,Lanier
5168,Lankford
5169,Lantz
5171,Laplante
5172,Lapointe
5173,Laporte
5174,Lara
5176,Large
5177,Larkin
5181,Larose
5182,Larry
5185,Larsen
5186,Larson
5187,Larue
5191,Lash
5192,Lassiter
5193,Laster
5194,Latham
5196,Latimer
5197,Lattimore
5198,Lau
5200,Lauer
5201,Laughlin
5202,Lavender
5204,Lavigne
5206,Lavoie
5208,Law
5210,Lawler
5211,Lawless
5213,Lawrence
5214,Laws
5217,Lawson
5218,Lawton
5219,Lay
5220,Layman
5221,Layne
5222,Layton
5224,Le
5228,Lea
5229,Leach
5231,Leahy
5233,Leak
5234,Leake
5235,Leal
5236,Lear
5238,Leary
5240,Leavitt
5241,Leblanc
5242,Lebron
5243,Leclair
5245,Ledbetter
5247,Ledesma
5248,Ledford
5249,Ledoux
5251,Lee
5253,Leeper
5255,Lefebvre
5256,Leger
5257,Legg
5262,Leggett
5265,Lehman
5266,Lehmann
5267,Leigh
5268,Leighton
5271,Lemaster
5272,Lemay
5274,Lemieux
5275,Lemke
5276,Lemmon
5277,Lemon
5279,Lemons
5280,Lemus
5281,Lennon
5282,Lentz
5283,Lenz
5284,Leon
5289,Leonard
5290,Leone
5292,Lerma
5293,Lerner
5294,Leroy
5295,Leslie
5299,Lessard
5300,Lester
5301,Leung
5302,Levesque
5305,Levin
5307,Levine
5308,Levy
5309,Lewandowski
5310,Lewis
5311,Leyva
5315,Li
5319,Libby
5321,Light
5322,Lightfoot
5323,Ligon
5325,Liles
5329,Lilley
5330,Lilly
5331,Lim
5336,Lima
5337,Limon
5338,Lin
5339,Linares
5340,Lincoln
5342,Lind
5345,Lindberg
5346,Linder
5349,Lindgren
5350,Lindley
5352,Lindquist
5356,Lindsay
5358,Lindsey
5359,Lindstrom
5361,Link
5364,Linkous
5365,Linn
5366,Linton
5367,Linville
5368,Lipscomb
5369,Lira
5372,Lister
5375,Little
5376,Littlefield
5377,Littlejohn
5378,Littleton
5380,Liu
5382,Lively
5388,Livingston
5390,Lloyd
5392,Lo
5395,Locke
5397,Lockett
5400,Lockhart
5401,Locklear
5402,Lockwood
5403,Loera
5404,Loftin
5405,Loftis
5407,Lofton
5408,Logan
5409,Logsdon
5410,Logue
5412,Lomax
5414,Lombard
5415,Lombardi
5416,Lombardo
5423,London
5426,Long
5434,Longo
5435,Longoria
5436,Loomis
5437,Looney
5438,Loper
5440,Lopes
5441,Lopez
5443,Lord
5444,Lorenz
5446,Lorenzo
5448,Lott
5450,Louis
5451,Love
5453,Lovejoy
5455,Lovelace
5457,Loveless
5459,Lovell
5460,Lovett
5461,Loving
5462,Low
5463,Lowe
5465,Lowell
5467,Lowery
5468,Lowman
5471,Lowry
5472,Loy
5473,Loyd
5474,Lozano
5475,Lu
5477,Lucas
5481,Luce
5484,Lucero
5486,Luciano
5487,Luckett
5488,Ludwig
5491,Lugo
5498,Lujan
5501,Luke
5502,Lumpkin
5505,Luna
5507,Lund
5509,Lundberg
5513,Lundy
5516,Lunsford
5517,Lusk
5519,Luster
5520,Luther
5521,Luttrell
5524,Lutz
5526,Ly
5530,Lyle
5532,Lyles
5533,Lyman
5534,Lynch
5535,Lynn
5536,Lyon
5537,Lyons
5538,Lytle
5539,Ma
5540,Maas
5541,Mabe
5542,Mabry
5544,Macdonald
5545,Mace
5546,Machado
5547,Macias
5550,Mack
5552,Mackay
5555,Mackenzie
5558,Mackey
5561,Mackie
5563,Macklin
5564,Maclean
5566,Macon
5567,Madden
5569,Maddox
5570,Madison
5572,Madrid
5573,Madrigal
5574,Madsen
5575,Maes
5578,Maestas
5580,Magana
5583,Magee
5584,Maguire
5585,Mahaffey
5586,Mahan
5588,Maher
5589,Mahon
5591,Mahoney
5593,Maier
5594,Main
5596,Major
5598,Majors
5599,Maki
5603,Malcolm
5605,Maldonado
5606,Malley
5611,Mallory
5612,Malloy
5613,Malone
5617,Maloney
5618,Mancini
5619,Mancuso
5620,Maness
5622,Mangum
5624,Manley
5625,Mann
5628,Manning
5629,Manns
5638,Mansfield
5639,Manson
5640,Manuel
5641,Manzo
5642,Maples
5648,Marble
5650,March
5652,Marchand
5653,Marcotte
5657,Marcum
5660,Marcus
5661,Mares
5662,Marin
5663,Marino
5666,Marion
5667,Mark
5668,Markham
5670,Markley
5671,Marks
5673,Marlow
5682,Marlowe
5683,Marquez
5685,Marquis
5687,Marr
5688,Marrero
5689,Marroquin
5690,Marsh
5691,Marshall
5695,Martel
5698,Martell
5700,Martens
5702,Martin
5703,Martindale
5704,Martinez
5706,Martino
5707,Martins
5708,Martz
5709,Marvin
5711,Marx
5713,Mason
5714,Massey
5717,Massie
5718,Mast
5719,Masters
5721,Masterson
5722,Mata
5725,Matheny
5727,Matheson
5730,Mathews
5732,Mathias
5736,Mathis
5737,Matlock
5740,Matney
5741,Matos
5742,Matson
5743,Matteson
5744,Matthew
5747,Matthews
5748,Mattingly
5751,Mattison
5752,Mattos
5755,Mattox
5756,Mattson
5757,Mauldin
5761,Maupin
5765,Maurer
5768,Mauro
5769,Maxey
5770,Maxwell
5772,May
5774,Mayberry
5776,Mayer
5777,Mayers
5779,Mayes
5780,Mayfield
5782,Mayhew
5783,Maynard
5785,Mayo
5787,Mays
5788,Mcadams
5789,Mcafee
5791,Mcalister
5792,Mcallister
5793,Mcarthur
5796,Mcbee
5797,Mcbride
5798,Mccabe
5803,Mccaffrey
5805,Mccain
5808,Mccall
5809,Mccallister
5810,Mccallum
5813,Mccann
5815,Mccarter
5816,Mccarthy
5817,Mccartney
5820,Mccarty
5821,Mccaskill
5822,Mccauley
5825,Mcclain
5826,Mcclanahan
5827,Mcclellan
5828,Mcclelland
5829,Mcclendon
5832,Mcclintock
5833,Mccloskey
5834,Mccloud
5835,Mcclung
5836,Mcclure
5837,Mccollum
5839,Mccombs
5840,Mcconnell
5841,Mccool
5842,Mccord
5843,Mccorkle
5845,Mccormack
5846,Mccormick
5847,Mccoy
5848,Mccracken
5849,Mccrary
5854,Mccray
5855,Mccreary
5857,Mccue
5858,Mcculloch
5859,Mccullough
5861,Mccune
5862,Mccurdy
5863,Mccutcheon
5864,Mcdade
5867,Mcdaniel
5868,Mcdaniels
5870,Mcdermott
5874,Mcdonald
5876,Mcdonnell
5878,Mcdonough
5879,Mcdougal
5884,Mcdowell
5885,Mcduffie
5886,Mcelroy
5887,Mcewen
5888,Mcfadden
5891,Mcfall
5896,Mcfarland
5898,Mcfarlane
5905,Mcgee
5906,Mcgehee
5909,Mcghee
5914,Mcgill
5916,Mcginnis
5917,Mcgovern
5918,Mcgowan
5919,Mcgrath
5923,Mcgraw
5928,Mcgregor
5929,Mcgrew
5931,Mcguire
5937,Mchenry
5938,Mchugh
5939,Mcinnis
5940,Mcintire
5941,Mcintosh
5942,Mcintyre
5944,Mckay
5947,Mckee
5949,Mckeever
5950,Mckenna
5951,Mckenney
5952,Mckenzie
5953,Mckeown
5956,Mckinley
5957,Mckinney
5958,Mckinnon
5959,Mcknight
5960,Mclain
5963,Mclaughlin
5964,Mclaurin
5966,Mclean
5967,Mclemore
5968,Mclendon
5969,Mcleod
5972,Mcmahan
5974,Mcmahon
5975,Mcmanus
5976,Mcmaster
5977,Mcmillan
5979,Mcmillen
5981,Mcmillian
5982,Mcmullen
5983,Mcmurray
5985,Mcnabb
5987,Mcnair
5990,Mcnally
5991,Mcnamara
5992,Mcneal
5993,Mcneely
5999,Mcneil
6000,Mcneill
6001,Mcnulty
6002,Mcnutt
6005,Mcpherson
6007,Mcqueen
6008,Mcrae
6009,Mcreynolds
6010,Mcswain
6012,Mcvay
6013,Mcvey
6015,Mcwhorter
6016,Mcwilliams
6018,Meacham
6021,Mead
6022,Meade
6024,Meador
6025,Meadows
6031,Means
6033,Mears
6034,Medeiros
6035,Medina
6037,Medley
6040,Medlin
6042,Medlock
6043,Medrano
6044,Meehan
6045,Meek
6050,Meeker
6052,Meeks
6053,Meier
6055,Mejia
6057,Melancon
6058,Melendez
6059,Mello
6060,Melton
6063,Melvin
6064,Mena
6065,Menard
6070,Mendenhall
6071,Mendez
6083,Mendoza
6084,Menendez
6085,Mercado
6086,Mercer
6087,Merchant
6088,Mercier
6089,Meredith
6090,Merrick
6093,Merrill
6095,Merriman
6096,Merritt
6097,Mesa
6099,Messenger
6100,Messer
6102,Messina
6104,Metcalf
6105,Metz
6107,Metzger
6108,Metzler
6109,Meyer
6110,Meyers
6111,Meza
6113,Michael
6114,Michaels
6115,Michaud
6117,Michel
6120,Middleton
6121,Milam
6124,Milburn
6125,Miles
6126,Millard
6128,Miller
6129,Milligan
6131,Milliken
6132,Mills
6133,Milne
6134,Milner
6136,Milton
6140,Mims
6142,Miner
6144,Minnick
6145,Minor
6148,Minter
6149,Minton
6150,Mintz
6151,Miranda
6152,Mireles
6153,Mitchell
6154,Mixon
6155,Mize
6157,Mobley
6161,Mock
6163,Moe
6164,Moeller
6165,Moen
6166,Moffett
6171,Moffitt
6172,Mohr
6173,Mojica
6174,Molina
6176,Moll
6177,Monahan
6178,Moniz
6183,Monk
6184,Monroe
6186,Monson
6188,Montague
6189,Montalvo
6191,Montanez
6193,Montano
6194,Montero
6196,Montes
6197,Montez
6198,Montgomery
6200,Montoya
6201,Moody
6204,Moon
6205,Mooney
6213,Moore
6215,Mora
6216,Morales
6217,Moran
6218,Moreau
6219,Morehead
6226,Moreland
6227,Moreno
6228,Morey
6229,Morgan
6230,Moriarty
6233,Morin
6235,Morley
6236,Morrell
6238,Morrill
6240,Morris
6241,Morrison
6246,Morrissey
6248,Morrow
6249,Morse
6250,Mortensen
6253,Morton
6256,Mosby
6258,Moseley
6261,Moser
6264,Moses
6265,Mosher
6267,Mosier
6268,Mosley
6269,Moss
6270,Motley
6271,Mott
6272,Moulton
6273,Mount
6275,Mowery
6277,Moya
6278,Moye
6280,Moyer
6281,Mueller
6282,Muhammad
6283,Muir
6284,Mull
6285,Mullen
6287,Muller
6288,Mulligan
6290,Mullin
6291,Mullins
6293,Mullis
6295,Muncy
6296,Mundy
6297,Muniz
6300,Munn
6301,Munoz
6302,Munson
6304,Murdock
6306,Murillo
6313,Murphy
6316,Murray
6317,Murrell
6318,Murry
6320,Muse
6322,Musgrove
6326,Musser
6327,Myers
6328,Myles
6329,Myrick
6330,Nabors
6331,Nadeau
6332,Nagel
6333,Nagle
6334,Nagy
6336,Najera
6338,Nall
6339,Nance
6340,Napier
6341,Naquin
6342,Naranjo
6347,Nash
6348,Nation
6349,Nava
6351,Navarrete
6352,Navarro
6353,Naylor
6354,Neal
6357,Nealy
6362,Needham
6363,Neel
6364,Neeley
6366,Neely
6368,Neff
6369,Negrete
6372,Negron
6374,Neil
6375,Neill
6376,Nelms
6378,Nelson
6380,Nesbitt
6381,Nesmith
6384,Ness
6385,Nettles
6386,Neuman
6387,Neumann
6388,Nevarez
6389,Neville
6395,New
6397,Newberry
6399,Newby
6400,Newcomb
6405,Newell
6406,Newkirk
6407,Newman
6408,Newsom
6412,Newsome
6413,Newton
6416,Ng
6420,Ngo
6422,Nguyen
6423,Nicholas
6425,Nichols
6429,Nicholson
6430,Nickel
6434,Nickerson
6435,Nielsen
6436,Nielson
6437,Nieto
6438,Nieves
6440,Niles
6442,Nix
6444,Nixon
6445,Noble
6446,Nobles
6447,Noe
6452,Noel
6454,Nolan
6457,Noland
6458,Nolen
6459,Noonan
6460,Norfleet
6461,Noriega
6462,Norman
6463,Norris
6464,North
6467,Norton
6474,Norwood
6475,Novak
6476,Nowak
6479,Nowlin
6480,Noyes
6486,Nugent
6489,Numbers
6491,Nunes
6492,Nunez
6495,Nunley
6496,Nunn
6497,Nutt
6499,Nye
6500,Oakes
6501,Oakley
6503,Oaks
6504,Oates
6507,Obrien
6508,Obryan
6509,Ocampo
6511,Ocasio
6514,Ochoa
6515,Oconnell
6517,Oconner
6519,Oconnor
6520,Odell
6521,Oden
6522,Odom
6524,Odonnell
6528,Ogden
6529,Ogle
6530,Oglesby
6531,Oh
6535,Ohara
6537,Ojeda
6539,Okeefe
6540,Oldham
6542,Olds
6543,Oleary
6544,Oliphant
6548,Oliva
6549,Olivares
6551,Olivarez
6554,Olivas
6558,Oliveira
6559,Oliver
6560,Olivo
6561,Olmstead
6562,Olsen
6563,Olson
6564,Olvera
6571,Omalley
6577,Oneal
6582,Oneil
6583,Oneill
6585,Ontiveros
6586,Ordonez
6587,Oreilly
6588,Orellana
6591,Orlando
6594,Ornelas
6595,Orosco
6598,Orourke
6599,Orozco
6602,Orr
6603,Orta
6604,Ortega
6605,Ortiz
6607,Osborn
6608,Osborne
6609,Osburn
6610,Osgood
6612,Oshea
6615,Osorio
6619,Osteen
6622,Ostrander
6625,Osullivan
6628,Oswald
6629,Otero
6630,Otis
6632,Otoole
6635,Ott
6636,Otto
6637,Ouellette
6638,Outlaw
6639,Overby
6640,Overstreet
6641,Overton
6642,Owen
6646,Owens
6650,Pace
6652,Pacheco
6653,Pack
6655,Packard
6656,Packer
6657,Padgett
6658,Padilla
6659,Pagan
6660,Page
6662,Paige
6663,Paine
6665,Painter
6668,Pak
6669,Palacios
6670,Palma
6674,Palmer
6676,Palumbo
6679,Pannell
6680,Pantoja
6682,Pape
6685,Pappas
6686,Paquette
6687,Paradis
6688,Paredes
6690,Parent
6691,Parham
6692,Paris
6693,Parish
6694,Park
6695,Parker
6696,Parkinson
6699,Parks
6701,Parnell
6702,Parr
6703,Parra
6707,Parris
6708,Parrish
6710,Parrott
6712,Parry
6713,Parson
6718,Parsons
6720,Partin
6725,Partridge
6726,Passmore
6727,Pate
6729,Patel
6730,Paterson
6731,Patino
6733,Patrick
6735,Patten
6736,Patterson
6738,Patton
6739,Paul
6741,Pauley
6742,Paulsen
6743,Paulson
6745,Paxton
6747,Payne
6749,Payton
6750,Paz
6751,Peace
6754,Peachey
6756,Peacock
6758,Peak
6764,Pearce
6765,Pearson
6767,Pease
6768,Peck
6771,Pedersen
6773,Pederson
6775,Peebles
6777,Peek
6778,Peel
6780,Peeler
6781,Peeples
6782,Pelletier
6783,Peltier
6784,Pemberton
6785,Pena
6787,Pence
6789,Pendergrass
6790,Pendleton
6791,Penn
6792,Pennell
6793,Pennington
6794,Penny
6796,Peoples
6799,Pepper
6800,Perales
6802,Peralta
6803,Perdue
6804,Pereira
6805,Perez
6806,Perkins
6807,Perreault
6808,Perrin
6809,Perron
6811,Perry
6812,Perryman
6815,Person
6816,Peter
6817,Peterman
6819,Peters
6820,Petersen
6821,Peterson
6823,Petit
6826,Petrie
6827,Pettigrew
6828,Pettis
6829,Pettit
6830,Petty
6831,Peyton
6834,Pfeifer
6838,Pfeiffer
6840,Pham
6841,Phan
6842,Phelan
6843,Phelps
6844,Phillips
6845,Phipps
6848,Picard
6849,Pickard
6850,Pickens
6851,Pickering
6852,Pickett
6853,Pierce
6854,Pierre
6855,Pierson
6857,Pike
6858,Pimentel
6859,Pina
6861,Pinckney
6862,Pineda
6863,Pinkerton
6864,Pinkston
6867,Pino
6871,Pinson
6876,Pinto
6878,Piper
6882,Pipkin
6883,Pippin
6884,Pitre
6885,Pitt
6886,Pittman
6887,Pitts
6888,Place
6889,Plante
6890,Platt
6891,Pleasant
6892,Plummer
6893,Plunkett
6896,Poe
6899,Pogue
6901,Poindexter
6903,Pointer
6904,Poirier
6905,Polanco
6907,Poland
6908,Polk
6909,Pollack
6911,Pollard
6913,Pollock
6914,Pomeroy
6917,Ponce
6918,Pond
6920,Ponder
6923,Pool
6925,Poole
6926,Poore
6927,Pope
6928,Porter
6929,Porterfield
6930,Portillo
6931,Posey
6932,Post
6934,Poston
6935,Potter
6936,Potts
6937,Poulin
6938,Pounds
6939,Powell
6940,Power
6941,Powers
6943,Prado
6946,Prater
6947,Prather
6952,Pratt
6953,Prentice
6955,Prescott
6957,Presley
6960,Pressley
6961,Preston
6962,Prewitt
6963,Price
6964,Prichard
6965,Pride
6966,Pridgen
6967,Priest
6970,Prieto
6973,Prince
6976,Pringle
6980,Pritchard
6981,Pritchett
6983,Proctor
6985,Proffitt
6987,Prosser
6988,Provost
6990,Pruett
6991,Pruitt
6998,Pryor
6999,Puckett
7004,Puente
7006,Pugh
7009,Pulido
7011,Pullen
7012,Pulley
7015,Pulliam
7021,Purcell
7022,Purdy
7025,Purnell
7026,Purvis
7027,Putman
7028,Putnam
7030,Pyle
7031,Qualls
7033,Quarles
7035,Queen
7037,Quezada
7038,Quick
7040,Quigley
7042,Quinlan
7043,Quinn
7046,Quinones
7047,Quinonez
7049,Quintana
7050,Quintanilla
7051,Quintero
7053,Quiroz
7055,Rader
7057,Radford
7058,Rafferty
7060,Ragan
7061,Ragland
7062,Ragsdale
7065,Raines
7066,Rainey
7067,Rains
7069,Raley
7071,Ralph
7074,Ralston
7075,Ramey
7076,Ramirez
7077,Ramon
7079,Ramos
7080,Ramsay
7081,Ramsey
7082,Rand
7083,Randall
7087,Randle
7090,Randolph
7091,Raney
7092,Rangel
7093,Rankin
7094,Ransom
7095,Rapp
7101,Rash
7102,Rasmussen
7104,Ratcliff
7105,Ratliff
7107,Rau
7108,Rauch
7110,Rawlings
7111,Rawlins
7116,Rawls
7117,Ray
7118,Rayburn
7119,Rayford
7122,Raymond
7123,Raynor
7124,Razo
7125,Rea
7126,Read
7127,Reagan
7129,Reardon
7130,Reaves
7131,Rector
7132,Redd
7133,Redden
7134,Reddick
7135,Redding
7137,Reddy
7138,Redman
7140,Redmon
7142,Redmond
7144,Reece
7146,Reed
7148,Reeder
7152,Reedy
7153,Rees
7155,Reese
7156,Reeves
7157,Regalado
7159,Regan
7160,Register
7161,Reich
7162,Reichert
7163,Reid
7164,Reilly
7165,Reinhardt
7167,Reinhart
7177,Reis
7179,Reiter
7180,Rendon
7181,Renfro
7182,Renner
7185,Reno
7186,Renteria
7189,Reyes
7190,Reyna
7194,Reynolds
7196,Reynoso
7198,Rhea
7199,Rhoades
7200,Rhoads
7202,Rhodes
7203,Ricci
7205,Rice
7206,Rich
7208,Richard
7210,Richards
7211,Richardson
7214,Richey
7215,Richie
7216,Richmond
7217,Richter
7218,Rickard
7220,Ricker
7221,Ricketts
7225,Rickman
7227,Ricks
7229,Rico
7231,Riddick
7233,Riddle
7234,Ridenour
7235,Rider
7237,Ridgeway
7238,Ridley
7241,Rife
7243,Rigby
7246,Riggins
7248,Riggs
7249,Rigsby
7250,Riley
7252,Rinaldi
7254,Rinehart
7257,Ring
7259,Rios
7261,Ripley
7262,Ritchey
7264,Ritchie
7266,Ritter
7268,Rivas
7270,Rivera
7271,Rivers
7272,Rizzo
7273,Roach
7274,Roark
7275,Robb
7276,Robbins
7277,Roberge
7279,Roberson
7281,Robert
7283,Roberts
7285,Robertson
7286,Robinette
7290,Robins
7292,Robinson
7296,Robison
7297,Robles
7299,Robson
7301,Roby
7302,Rocha
7304,Roche
7305,Rock
7308,Rockwell
7309,Roden
7310,Roderick
7311,Rodgers
7316,Rodrigue
7319,Rodrigues
7320,Rodriguez
7321,Rodriquez
7323,Roe
7324,Rogers
7325,Rohr
7326,Rojas
7327,Roland
7328,Roldan
7330,Roller
7331,Rollins
7332,Roman
7334,Romano
7336,Romeo
7337,Romero
7341,Romo
7342,Roney
7343,Rooney
7344,Root
7346,Roper
7347,Rosa
7348,Rosado
7349,Rosales
7350,Rosario
7353,Rosas
7354,Rose
7356,Rosen
7358,Rosenbaum
7359,Rosenberg
7360,Rosenthal
7363,Ross
7365,Rosser
7367,Rossi
7370,Roth
7372,Rounds
7373,Rountree
7375,Rouse
7376,Roush
7377,Rousseau
7378,Rowan
7379,Rowe
7381,Rowell
7382,Rowland
7383,Rowley
7386,Roy
7388,Royal
7389,Royer
7390,Royster
7391,Rubin
7394,Rubio
7395,Ruby
7397,Rucker
7398,Rudd
7399,Rudolph
7400,Ruff
7401,Ruffin
7404,Ruiz
7405,Runyan
7408,Runyon
7411,Rupp
7412,Rush
7413,Rushing
7414,Russ
7417,Russell
7419,Russo
7420,Rust
7421,Ruth
7422,Rutherford
7423,Rutledge
7424,Ryan
7425,Ryder
7426,Saavedra
7428,Sadler
7429,Saenz
7433,Sage
7434,Sager
7435,Salas
7436,Salazar
7440,Salcedo
7442,Salcido
7443,Saldana
7445,Salerno
7446,Sales
7447,Salgado
7449,Salinas
7451,Salisbury
7453,Sallee
7454,Salley
7457,Salmon
7459,Salter
7462,Sam
7463,Sammons
7464,Sample
7468,Samples
7470,Sampson
7477,Sams
7478,Samson
7479,Samuel
7480,Samuels
7483,Sanborn
7485,Sanchez
7486,Sander
7487,Sanders
7488,Sanderson
7489,Sandlin
7490,Sandoval
7491,Sands
7494,Sanford
7495,Santana
7497,Santiago
7498,Santos
7501,Sapp
7514,Sargent
7519,Sasser
7520,Satterfield
7525,Saucedo
7526,Saucier
7530,Sauer
7533,Sauls
7534,Saunders
7539,Savage
7540,Savoy
7541,Sawyer
7543,Sawyers
7544,Saxon
7545,Saxton
7547,Saylor
7548,Sayre
7550,Scales
7551,Scanlon
7552,Scarborough
7553,Scarbrough
7554,Schaefer
7555,Schaeffer
7557,Schafer
7560,Schaffer
7565,Schell
7566,Scherer
7567,Schiller
7569,Schilling
7570,Schindler
7571,Schmid
7574,Schmidt
7576,Schmitt
7577,Schmitz
7578,Schneider
7579,Schofield
7580,Scholl
7583,Schott
7584,Schrader
7587,Schreiber
7588,Schroeder
7590,Schubert
7593,Schuler
7594,Schulte
7595,Schultz
7597,Schulz
7600,Schulze
7602,Schumacher
7605,Schuster
7607,Schwab
7608,Schwartz
7610,Schwarz
7612,Schweitzer
7613,Scoggins
7614,Scott
7615,Scroggins
7618,Scruggs
7619,Scully
7620,Seal
7621,Seals
7623,Seaman
7624,Searcy
7625,Sears
7626,Seaton
7627,Seay
7628,See
7630,Seeley
7632,Segura
7633,Seibert
7634,Seidel
7636,Seifert
7637,Seiler
7638,Seitz
7639,Selby
7641,Self
7643,Sell
7644,Sellers
7647,Sells
7648,Sena
7652,Sepulveda
7657,Serna
7658,Serrano
7660,Sessions
7662,Settle
7663,Severson
7665,Seward
7668,Sewell
7669,Sexton
7677,Seymore
7678,Seymour
7681,Shackelford
7682,Shade
7685,Shafer
7687,Shaffer
7688,Shah
7691,Shank
7692,Shanks
7693,Shannon
7694,Shapiro
7695,Sharkey
7696,Sharp
7697,Sharpe
7700,Shaver
7701,Shaw
7705,Shay
7706,Shea
7707,Shearer
7709,Sheehan
7710,Sheets
7712,Sheffield
7713,Shelby
7715,Sheldon
7716,Shell
7717,Shelley
7719,Shelton
7720,Shepard
7721,Shephard
7723,Shepherd
7724,Sheppard
7727,Sheridan
7728,Sherman
7729,Sherrill
7730,Sherrod
7738,Sherwood
7739,Shields
7740,Shifflett
7741,Shin
7742,Shinn
7743,Shipley
7746,Shipman
7749,Shipp
7751,Shirley
7755,Shively
7757,Shockley
7759,Shoemaker
7760,Shook
7762,Shore
7763,Shores
7764,Short
7766,Shorter
7768,Shrader
7769,Shuler
7770,Shull
7774,Shultz
7776,Shumaker
7777,Shuman
7778,Shumate
7779,Sibley
7780,Sides
7782,Siegel
7783,Sierra
7784,Sigler
7790,Sikes
7791,Siler
7793,Silva
7796,Silver
7797,Silverman
7798,Silvers
7800,Silvia
7801,Simmons
7803,Simms
7804,Simon
7806,Simone
7807,Simons
7810,Simonson
7811,Simpkins
7812,Simpson
7813,Sims
7814,Sinclair
7817,Singer
7818,Singh
7820,Singletary
7821,Singleton
7822,Sipes
7823,Sisco
7824,Sisk
7825,Sisson
7826,Sizemore
7827,Skaggs
7828,Skelton
7830,Skidmore
7831,Skinner
7834,Skipper
7835,Slack
7838,Slade
7841,Slagle
7848,Slater
7849,Slaton
7851,Slattery
7852,Slaughter
7854,Sledge
7855,Sloan
7856,Slocum
7857,Slone
7858,Small
7865,Smalley
7866,Smalls
7867,Smallwood
7872,Smart
7873,Smiley
7874,Smith
7876,Smithson
7882,Smoot
7883,Smothers
7884,Smyth
7885,Snead
7888,Sneed
7889,Snell
7890,Snider
7891,Snipes
7894,Snodgrass
7896,Snow
7897,Snowden
7899,Snyder
7900,Soares
7902,Solano
7903,Solis
7904,Soliz
7906,Solomon
7907,Somers
7909,Sommer
7912,Sommers
7914,Song
7915,Sorensen
7917,Sorenson
7919,Soria
7922,Soriano
7923,Sorrell
7924,Sosa
7925,Sotelo
7927,Soto
7929,Sousa
7930,South
7932,Southard
7933,Southerland
7934,Southern
7939,Souza
7940,Sowell
7941,Sowers
7944,Spain
7947,Spalding
7949,Spangler
7950,Spann
7951,Sparkman
7952,Sparks
7953,Sparrow
7956,Spaulding
7959,Spear
7961,Spearman
7962,Spears
7963,Speed
7968,Speer
7969,Spellman
7970,Spence
7972,Spencer
7974,Sperry
7975,Spicer
7977,Spinks
7978,Spivey
7979,Spooner
7981,Spradlin
7982,Sprague
7983,Spriggs
7984,Spring
7987,Springer
7988,Sprouse
7989,Spruill
7990,Spurlock
7991,Squires
7992,Stacey
7993,Stack
7996,Stackhouse
7998,Stacy
7999,Stafford
8001,Staggs
8003,Stahl
8004,Staley
8009,Stallings
8010,Stallworth
8011,Stamm
8013,Stamper
8015,Stamps
8017,Stanfield
8018,Stanford
8019,Stanley
8021,Stanton
8023,Staples
8024,Stapleton
8025,Stark
8026,Starkey
8027,Starks
8031,Starling
8032,Starnes
8034,Starr
8036,Staten
8037,Staton
8038,Stauffer
8039,Stclair
8041,Steadman
8042,Stearns
8043,Steed
8044,Steel
8045,Steele
8047,Steen
8048,Steffen
8050,Stegall
8059,Stein
8062,Steinberg
8063,Steiner
8065,Stephen
8066,Stephens
8067,Stephenson
8068,Stepp
8070,Sterling
8071,Stern
8072,Stevens
8073,Stevenson
8078,Steward
8082,Stewart
8084,Stidham
8086,Stiles
8087,Still
8091,Stillwell
8092,Stiltner
8093,Stine
8099,Stinnett
8101,Stinson
8103,Stitt
8104,Stjohn
8105,Stock
8106,Stockton
8107,Stoddard
8108,Stokes
8110,Stoll
8111,Stone
8113,Stoner
8114,Storey
8117,Story
8118,Stout
8120,Stovall
8123,Stover
8124,Stowe
8125,Stpierre
8126,Strain
8127,Strand
8128,Strange
8131,Stratton
8132,Strauss
8133,Street
8135,Streeter
8136,Strickland
8137,Stringer
8140,Strong
8141,Strother
8143,Stroud
8147,Strunk
8149,Stuart
8151,Stubblefield
8153,Stubbs
8154,Stuckey
8157,Stull
8161,Stump
8163,Sturgeon
8164,Sturgill
8167,Sturm
8168,Styles
8174,Suarez
8178,Suggs
8182,Sullivan
8183,Summers
8184,Sumner
8185,Sumpter
8187,Sun
8190,Sutherland
8192,Sutter
8194,Sutton
8197,Swafford
8199,Swain
8202,Swan
8204,Swank
8207,Swann
8208,Swanson
8209,Swartz
8211,Sweat
8212,Sweeney
8215,Sweet
8218,Swenson
8225,Swift
8226,Swisher
8228,Switzer
8229,Sykes
8233,Sylvester
8234,Taber
8235,Tabor
8236,Tackett
8239,Taft
8242,Taggart
8243,Talbert
8245,Talbot
8246,Talbott
8247,Talley
8248,Tam
8249,Tamayo
8251,Tan
8254,Tanaka
8256,Tang
8257,Tanner
8259,Tapia
8260,Tapp
8263,Tarver
8265,Tate
8267,Tatum
8268,Tavares
8269,Taylor
8270,Teague
8271,Teal
8272,Teel
8273,Teeter
8274,Tejada
8276,Tejeda
8278,Tellez
8280,Temple
8284,Templeton
8286,Tennant
8292,Tenney
8295,Terrell
8296,Terry
8301,Thacker
8302,Thames
8303,Thao
8304,Tharp
8305,Thatcher
8307,Thayer
8309,Theriault
8311,Thibodeau
8312,Thibodeaux
8314,Thiel
8315,Thigpen
8317,Thomas
8319,Thomason
8320,Thompson
8321,Thomsen
8322,Thomson
8323,Thorn
8324,Thornburg
8325,Thorne
8326,Thornhill
8327,Thornton
8328,Thorpe
8330,Thorton
8333,Thrash
8334,Thrasher
8335,Thurman
8337,Thurston
8338,Tibbetts
8341,Tibbs
8342,Tice
8343,Tidwell
8345,Tierney
8346,Tijerina
8347,Tiller
8350,Tillery
8353,Tilley
8356,Tillman
8357,Tilton
8359,Timm
8363,Timmons
8364,Tinsley
8365,Tipton
8366,Tirado
8368,Tisdale
8371,Titus
8372,Tobias
8374,Tobin
8375,Todd
8376,Tolbert
8377,Toledo
8378,Toler
8379,Toliver
8380,Tolliver
8381,Tom
8382,Tomlin
8384,Tomlinson
8385,Tompkins
8392,Toney
8393,Tong
8394,Toro
8395,Torrence
8399,Torres
8400,Torrez
8401,Toth
8405,Totten
8406,Tovar
8409,Townes
8410,Towns
8415,Townsend
8419,Tracy
8420,Trahan
8421,Trammell
8423,Tran
8425,Trapp
8426,Trask
8430,Travers
8431,Travis
8432,Traylor
8436,Treadway
8438,Treadwell
8439,Trejo
8440,Tremblay
8443,Trent
8444,Trevino
8445,Tribble
8447,Trice
8448,Trimble
8449,Trinidad
8451,Triplett
8452,Tripp
8455,Trotter
8458,Trout
8461,Troutman
8462,Troy
8466,Trudeau
8468,TRUE
8470,Truitt
8471,Trujillo
8472,Truong
8473,Tubbs
8475,Tuck
8476,Tucker
8477,Tuggle
8478,Turk
8479,Turley
8481,Turnbull
8486,Turner
8488,Turney
8491,Turpin
8493,Tuttle
8494,Tyler
8496,Tyner
8499,Tyree
8500,Tyson
8507,Ulrich
8509,Underhill
8515,Underwood
8517,Unger
8519,Upchurch
8520,Upshaw
8521,Upton
8522,Urban
8523,Urbina
8526,Uribe
8527,Utley
8531,Vail
8532,Valadez
8533,Valdes
8537,Valdez
8538,Valencia
8539,Valenti
8541,Valentin
8542,Valentine
8547,Valenzuela
8550,Valerio
8551,Valle
8553,Vallejo
8556,Valles
8557,Van
8558,Vanburen
8559,Vance
8560,Vandyke
8561,Vang
8562,Vanhoose
8563,Vanhorn
8564,Vanmeter
8565,Vann
8568,Vanover
8569,Vanwinkle
8570,Varela
8571,Vargas
8572,Varner
8573,Varney
8574,Vasquez
8575,Vaughan
8577,Vaughn
8579,Vaught
8582,Vazquez
8584,Veal
8585,Vega
8588,Vela
8589,Velasco
8593,Velasquez
8595,Velazquez
8596,Velez
8601,Venable
8604,Venegas
8605,Ventura
8606,Vera
8607,Verdin
8608,Vernon
8609,Vest
8610,Vetter
8611,Vick
8614,Vickers
8615,Vickery
8616,Victor
8618,Vidal
8619,Viera
8620,Vigil
8624,Villa
8627,Villalobos
8628,Villanueva
8629,Villareal
8632,Villarreal
8634,Villasenor
8641,Villegas
8643,Vincent
8646,Vines
8647,Vinson
8648,Vitale
8649,Vo
8650,Vogel
8651,Vogt
8653,Voss
8656,Vu
8657,Vue
8660,Waddell
8661,Wade
8663,Wadsworth
8665,Waggoner
8666,Wagner
8667,Wagoner
8668,Wahl
8669,Waite
8672,Wakefield
8674,Walden
8677,Waldron
8681,Waldrop
8684,Walker
8685,Wall
8686,Wallace
8687,Wallen
8690,Waller
8691,Walling
8692,Wallis
8693,Walls
8694,Walsh
8695,Walston
8699,Walter
8700,Walters
8701,Walton
8704,Wampler
8705,Wang
8707,Ward
8708,Warden
8709,Ware
8710,Warfield
8712,Warner
8713,Warren
8714,Washburn
8716,Washington
8718,Wasson
8722,Waterman
8723,Waters
8724,Watkins
8725,Watson
8729,Watt
8732,Watters
8734,Watts
8735,Waugh
8737,Way
8738,Wayne
8739,Weatherford
8740,Weatherly
8744,Weathers
8746,Weaver
8747,Webb
8750,Webber
8754,Weber
8755,Webster
8759,Weddle
8760,Weed
8761,Weeks
8762,Weems
8763,Weiner
8765,Weinstein
8766,Weir
8768,Weis
8770,Weiss
8773,Welch
8774,Weldon
8776,Welker
8777,Weller
8780,Wellman
8781,Wells
8782,Welsh
8783,Wendt
8785,Wenger
8787,Wentworth
8788,Wentz
8790,Wenzel
8791,Werner
8794,Wertz
8795,Wesley
8797,West
8799,Westbrook
8800,Wester
8805,Westfall
8808,Westmoreland
8809,Weston
8810,Wetzel
8813,Whalen
8815,Whaley
8817,Wharton
8818,Whatley
8820,Wheat
8821,Wheatley
8822,Wheaton
8823,Wheeler
8825,Whelan
8826,Whipple
8828,Whitaker
8829,Whitcomb
8830,White
8831,Whited
8832,Whitehead
8833,Whitehurst
8834,Whiteside
8835,Whitfield
8836,Whiting
8837,Whitley
8838,Whitlock
8842,Whitlow
8843,Whitman
8845,Whitmire
8846,Whitmore
8848,Whitney
8851,Whitson
8853,Whitt
8854,Whittaker
8857,Whitten
8858,Whittington
8859,Whittle
8861,Whitworth
8863,Whyte
8864,Wick
8865,Wicker
8866,Wicks
8868,Wiese
8871,Wiggins
8873,Wilbanks
8875,Wilbur
8880,Wilburn
8883,Wilcox
8885,Wild
8888,Wilde
8889,Wilder
8891,Wiles
8893,Wiley
8894,Wilhelm
8898,Wilhite
8900,Wilke
8901,Wilkerson
8903,Wilkes
8904,Wilkins
8906,Wilkinson
8907,Wilks
8910,Will
8915,Willard
8917,Willett
8918,Willey
8920,William
8921,Williams
8925,Williamson
8926,Williford
8927,Willingham
8929,Willis
8931,Willoughby
8935,Wills
8938,Willson
8940,Wilmoth
8942,Wilson
8945,Wilt
8946,Wimberly
8948,Winchester
8950,Windham
8951,Winfield
8954,Winfrey
8955,Wing
8956,Wingate
8957,Wingfield
8958,Winkler
8961,Winn
8962,Winslow
8963,Winstead
8964,Winston
8965,Winter
8967,Winters
8968,Wirth
8970,Wise
8973,Wiseman
8974,Wisniewski
8975,Withers
8976,Witherspoon
8977,Withrow
8982,Witt
8983,Witte
8986,Wofford
8987,Wolf
8988,Wolfe
8989,Wolff
8990,Wolford
8991,Womack
8995,Wong
8996,Woo
8998,Wood
9001,Woodall
9002,Woodard
9003,Woodbury
9004,Woodcock
9007,Wooden
9009,Woodley
9011,Woodruff
9013,Woods
9014,Woodson
9017,Woodward
9018,Woodworth
9019,Woody
9021,Wooldridge
9024,Wooten
9025,Word
9026,Worden
9028,Workman
9031,Worley
9036,Worrell
9038,Worth
9039,Worthington
9041,Worthy
9042,Wray
9043,Wren
9048,Wright
9053,Wu
9054,Wyatt
9056,Wylie
9057,Wyman
9058,Wynn
9062,Wynne
9066,Xiong
9067,Yamamoto
9069,Yancey
9070,Yanez
9073,Yang
9074,Yarbrough
9077,Yates
9079,Yazzie
9082,Ybarra
9084,Yeager
9087,Yee
9090,Yi
9096,Yoder
9097,Yoo
9099,Yoon
9101,York
9102,Yost
9103,Young
9104,Youngblood
9107,Younger
9111,Yount
9112,Yu
9115,Zamora
9116,Zapata
9118,Zaragoza
9121,Zarate
9122,Zavala
9125,Zeigler
9128,Zeller
9129,Zepeda
9130,Zhang
9132,Ziegler
9133,Zielinski
9134,Zimmer
9137,Zimmerman
9138,Zook
9139,Zuniga